<?xml version="1.0" encoding="UTF-8" standalone="yes"?>
<sbe:messageSchema xmlns:sbe="http://fixprotocol.io/2016/sbe"
                   package="baseline"
                   id="1"
                   version="0"
                   semanticVersion="1.0"
                   description="MyFX schema"
                   byteOrder="littleEndian">
    <!-- headers -->
    <types>
        <composite name="messageHeader" description="Message identifiers and length of message root">
            <type name="blockLength" primitiveType="uint16"/>
            <type name="templateId" primitiveType="uint16"/>
            <type name="schemaId" primitiveType="uint16"/>
            <type name="version" primitiveType="uint16"/>
        </composite>
    </types>
    <!-- arrays -->
    <types>
        <composite name="groupSizeEncoding" description="Repeating group dimensions">
            <type name="blockLength" primitiveType="uint16"/>
            <type name="numInGroup" primitiveType="uint16"/>
        </composite>
    </types>
    <!-- strings -->
    <types>
        <composite name="varStringEncoding">
            <type name="length" primitiveType="uint32" maxValue="1073741824"/>
            <type name="varData" primitiveType="uint8" length="0" characterEncoding="UTF-8"/>
        </composite>
    </types>
    <!-- basic primitives -->
    <types>
        <type name="CcyPair" primitiveType="char" length="6" characterEncoding="ASCII"/>
        <type name="Price" primitiveType="uint32"/>
    </types>

    <!-- FX Message -->
    <sbe:message name="FxMsg" id="1" description="FX message">
        <field name="ccypair" id="1" type="CcyPair"/>
        <field name="price" id="2" type="Price"/>
        <field name="timestamp" id="3" type="uint64"/>
        <group name="prices" id="4" dimensionType="groupSizeEncoding">
            <field name="price" id="1" type="Price"/>
        </group>
        <data name="exchange" id="5" type="varStringEncoding"/>
        <data name="exchange2" id="6" type="varStringEncoding"/>
    </sbe:message>

</sbe:messageSchema>